{
    "batch_size": 16,
    "learning_rate": 0.0004529426357410024,
    "margin": 0.6969953204889824,
    "epochs": 7
}